Login and password are required.,Login and password are required.
Account Api Twitter not using Email. You can change it,Account Api Twitter not using Email. You can change it
Error connecting to Twitter! try again later!,Error connecting to Twitter! try again later!
Invalid email address.,Invalid email address.
Please enter your email.,Please enter your email.
There is already an account with this email address,There is already an account with this email address
Thank you for registering with %s.,Thank you for registering with %s.
"If you are a registered VAT customer, please click <a href=""%s"">here</a> to enter you shipping address for proper VAT calculation","If you are a registered VAT customer, please click <a href=""%s"">here</a> to enter you shipping address for proper VAT calculation"
Or Login width:,Or Login width:
Login,Login
Please log in below:,Please log in below:
Email Address,Email Address
Password,Password
Login,Login
Forgot Your Password?,Forgot Your Password?
Don't have an account?,Don't have an account?
Create Account,Create Account
Forgot Your Password?,Forgot Your Password?
Please enter your email address below.,Please enter your email address below.
Email Address,Email Address
Send Email,Send Email
First Name,First Name
Last Name,Last Name
Email Address,Email Address
Password,Password
Confirm Password,Confirm Password
Sign Up,Sign Up
Already have an account?,Already have an account?
Login,Login
Login With,Login With
Facebook,Facebook
Google,Google
Twitter,Twitter
Yahoo,Yahoo
